nome_arquivo,lote,split,rotulador_1,rotulador_2,dupla
PSP_EXTRATLEITIMPL_220526_0408_20000000008852979419_000.jpg,PSP_EXTRATLEITIMPL_220526_0408,valid,R1,R4,1
PSP_EXTRATLEITIMPL_220526_0408_20000000002552982310_000.jpg,PSP_EXTRATLEITIMPL_220526_0408,valid,R2,R5,1
PSP_EXTRATLEITIMPL_030726_0121_20000000007103005128_000.jpg,PSP_EXTRATLEITIMPL_030726_0121,test,R3,R1,1
PSP_EXTRATLEITIMPL_200526_0352_20000000013252968305_000.jpg,PSP_EXTRATLEITIMPL_200526_0352,train,R4,R2,1
PSP_EXTRATLEITIMPL_220526_0408_20000000006402981041_000.jpg,PSP_EXTRATLEITIMPL_220526_0408,valid,R5,R3,1
PSP_EXTRATLEITIMPL_200526_0352_20000000019952987356_000.jpg,PSP_EXTRATLEITIMPL_200526_0352,train,R1,R4,1
PSP_EXTRATLEITIMPL_210526_0335_20000000017002982996_000.jpg,PSP_EXTRATLEITIMPL_210526_0335,train,R2,R5,1
PSP_EXTRATLEITIMPL_210526_0335_20000000017452984381_000.jpg,PSP_EXTRATLEITIMPL_210526_0335,train,R3,R1,1
PSP_EXTRATLEITIMPL_200526_0352_20000000016852977930_000.jpg,PSP_EXTRATLEITIMPL_200526_0352,train,R4,R2,1
PSP_EXTRATLEITIMPL_220526_0408_20000000017803000010_000.jpg,PSP_EXTRATLEITIMPL_220526_0408,valid,R5,R3,1
PSP_EXTRATLEITIMPL_210526_0335_20000000004402984299_000.jpg,PSP_EXTRATLEITIMPL_210526_0335,train,R1,R4,1
PSP_EXTRATLEITIMPL_210526_0335_20000000019952970956_000.jpg,PSP_EXTRATLEITIMPL_210526_0335,train,R2,R5,1
PSP_EXTRATLEITIMPL_200526_0352_20000000018152973553_000.jpg,PSP_EXTRATLEITIMPL_200526_0352,train,R3,R1,1
PSP_EXTRATLEITIMPL_210526_0335_20000000008552955956_000.jpg,PSP_EXTRATLEITIMPL_210526_0335,train,R4,R2,1
PSP_EXTRATLEITIMPL_200526_0352_20000000017852970960_000.jpg,PSP_EXTRATLEITIMPL_200526_0352,train,R5,R3,1
PSP_EXTRATLEITIMPL_210526_0335_20000000014702953922_000.jpg,PSP_EXTRATLEITIMPL_210526_0335,train,R1,R4,1
PSP_EXTRATLEITIMPL_220526_0408_20000000011802987288_000.jpg,PSP_EXTRATLEITIMPL_220526_0408,valid,R2,R5,1
PSP_EXTRATLEITIMPL_200526_0352_20000000008402954816_000.jpg,PSP_EXTRATLEITIMPL_200526_0352,train,R3,R1,1
PSP_EXTRATLEITIMPL_200526_0352_20000000001602992226_000.jpg,PSP_EXTRATLEITIMPL_200526_0352,train,R4,R2,1
PSP_EXTRATLEITIMPL_220526_0408_20000000011652982173_000.jpg,PSP_EXTRATLEITIMPL_220526_0408,valid,R5,R3,1
PSP_EXTRATLEITIMPL_210526_0335_20000000009952970080_000.jpg,PSP_EXTRATLEITIMPL_210526_0335,train,R1,R4,1
PSP_EXTRATLEITIMPL_030726_0121_20000000019953007426_001.jpg,PSP_EXTRATLEITIMPL_030726_0121,test,R2,R5,1
PSP_EXTRATLEITIMPL_030726_0121_20000000005803008176_000.jpg,PSP_EXTRATLEITIMPL_030726_0121,test,R3,R1,1
PSP_EXTRATLEITIMPL_200526_0352_20000000006702968892_000.jpg,PSP_EXTRATLEITIMPL_200526_0352,train,R4,R2,1
PSP_EXTRATLEITIMPL_210526_0335_20000000013052968618_000.jpg,PSP_EXTRATLEITIMPL_210526_0335,train,R5,R3,1
PSP_EXTRATLEITIMPL_030726_0121_20000000015352997534_000.jpg,PSP_EXTRATLEITIMPL_030726_0121,test,R1,R4,1
PSP_EXTRATLEITIMPL_200526_0352_20000000013902958857_000.jpg,PSP_EXTRATLEITIMPL_200526_0352,train,R2,R5,1
PSP_EXTRATLEITIMPL_210526_0335_20000000002802992167_000.jpg,PSP_EXTRATLEITIMPL_210526_0335,train,R3,R1,1
PSP_EXTRATLEITIMPL_220526_0408_20000000011302968671_000.jpg,PSP_EXTRATLEITIMPL_220526_0408,valid,R4,R2,1
PSP_EXTRATLEITIMPL_200526_0352_20000000015452966627_000.jpg,PSP_EXTRATLEITIMPL_200526_0352,train,R5,R3,1
PSP_EXTRATLEITIMPL_220526_0408_20000000012552966705_000.jpg,PSP_EXTRATLEITIMPL_220526_0408,valid,R1,R4,1
PSP_EXTRATLEITIMPL_220526_0408_20000000004753005143_000.jpg,PSP_EXTRATLEITIMPL_220526_0408,valid,R2,R5,1
PSP_EXTRATLEITIMPL_220526_0408_20000000005752962940_000.jpg,PSP_EXTRATLEITIMPL_220526_0408,valid,R3,R1,1
PSP_EXTRATLEITIMPL_220526_0408_20000000019402969933_000.jpg,PSP_EXTRATLEITIMPL_220526_0408,valid,R4,R2,1
PSP_EXTRATLEITIMPL_210526_0335_20000000003402965967_000.jpg,PSP_EXTRATLEITIMPL_210526_0335,train,R5,R3,1
PSP_EXTRATLEITIMPL_200526_0352_20000000005402975920_000.jpg,PSP_EXTRATLEITIMPL_200526_0352,train,R1,R4,1
PSP_EXTRATLEITIMPL_210526_0335_20000000016952986581_000.jpg,PSP_EXTRATLEITIMPL_210526_0335,train,R2,R5,1
PSP_EXTRATLEITIMPL_210526_0335_20000000009702957779_000.jpg,PSP_EXTRATLEITIMPL_210526_0335,train,R3,R1,1
PSP_EXTRATLEITIMPL_210526_0335_20000000016302966782_000.jpg,PSP_EXTRATLEITIMPL_210526_0335,train,R4,,0
PSP_EXTRATLEITIMPL_210526_0335_20000000019352996265_000.jpg,PSP_EXTRATLEITIMPL_210526_0335,train,R5,,0
PSP_EXTRATLEITIMPL_030726_0121_20000000007903003138_000.jpg,PSP_EXTRATLEITIMPL_030726_0121,test,R1,R4,1
PSP_EXTRATLEITIMPL_220526_0408_20000000004603007685_000.jpg,PSP_EXTRATLEITIMPL_220526_0408,valid,R2,R5,1
PSP_EXTRATLEITIMPL_200526_0352_20000000012002952969_000.jpg,PSP_EXTRATLEITIMPL_200526_0352,train,R3,R1,1
PSP_EXTRATLEITIMPL_030726_0121_20000000015002996005_000.jpg,PSP_EXTRATLEITIMPL_030726_0121,test,R4,R2,1
PSP_EXTRATLEITIMPL_030726_0121_20000000016803009528_000.jpg,PSP_EXTRATLEITIMPL_030726_0121,test,R5,R3,1
PSP_EXTRATLEITIMPL_210526_0335_20000000014352937873_000.jpg,PSP_EXTRATLEITIMPL_210526_0335,train,R1,,0
PSP_EXTRATLEITIMPL_030726_0121_20000000009153007156_000.jpg,PSP_EXTRATLEITIMPL_030726_0121,test,R2,R5,1
PSP_EXTRATLEITIMPL_200526_0352_20000000010252960604_000.jpg,PSP_EXTRATLEITIMPL_200526_0352,train,R3,R1,1
PSP_EXTRATLEITIMPL_210526_0335_20000000007352976775_000.jpg,PSP_EXTRATLEITIMPL_210526_0335,train,R4,,0
PSP_EXTRATLEITIMPL_220526_0408_20000000001952992310_000.jpg,PSP_EXTRATLEITIMPL_220526_0408,valid,R5,,0
PSP_EXTRATLEITIMPL_030726_0121_20000000010252975689_000.jpg,PSP_EXTRATLEITIMPL_030726_0121,test,R1,R4,1
PSP_EXTRATLEITIMPL_210526_0335_20000000010252940938_000.jpg,PSP_EXTRATLEITIMPL_210526_0335,train,R2,,0
PSP_EXTRATLEITIMPL_210526_0335_20000000014402957903_000.jpg,PSP_EXTRATLEITIMPL_210526_0335,train,R3,,0
PSP_EXTRATLEITIMPL_220526_0408_20000000005602963291_000.jpg,PSP_EXTRATLEITIMPL_220526_0408,valid,R4,,0
PSP_EXTRATLEITIMPL_030726_0121_20000000011403008225_000.jpg,PSP_EXTRATLEITIMPL_030726_0121,test,R5,R3,1
PSP_EXTRATLEITIMPL_210526_0335_20000000008802953954_000.jpg,PSP_EXTRATLEITIMPL_210526_0335,train,R1,,0
PSP_EXTRATLEITIMPL_200526_0352_20000000003602981517_000.jpg,PSP_EXTRATLEITIMPL_200526_0352,train,R2,,0
PSP_EXTRATLEITIMPL_220526_0408_20000000017752996033_000.jpg,PSP_EXTRATLEITIMPL_220526_0408,valid,R3,,0
PSP_EXTRATLEITIMPL_200526_0352_20000000017752990370_000.jpg,PSP_EXTRATLEITIMPL_200526_0352,train,R4,,0
PSP_EXTRATLEITIMPL_030726_0121_20000000002703015046_000.jpg,PSP_EXTRATLEITIMPL_030726_0121,test,R5,R3,1
PSP_EXTRATLEITIMPL_220526_0408_20000000012852974438_000.jpg,PSP_EXTRATLEITIMPL_220526_0408,valid,R1,,0
PSP_EXTRATLEITIMPL_220526_0408_20000000009902955944_000.jpg,PSP_EXTRATLEITIMPL_220526_0408,valid,R2,,0
PSP_EXTRATLEITIMPL_210526_0335_20000000002052999265_000.jpg,PSP_EXTRATLEITIMPL_210526_0335,train,R3,,0
PSP_EXTRATLEITIMPL_200526_0352_20000000016652989567_000.jpg,PSP_EXTRATLEITIMPL_200526_0352,train,R4,,0
PSP_EXTRATLEITIMPL_220526_0408_20000000009302981021_000.jpg,PSP_EXTRATLEITIMPL_220526_0408,valid,R5,,0
PSP_EXTRATLEITIMPL_030726_0121_20000000002552986712_000.jpg,PSP_EXTRATLEITIMPL_030726_0121,test,R1,R4,1
PSP_EXTRATLEITIMPL_200526_0352_20000000005552965823_000.jpg,PSP_EXTRATLEITIMPL_200526_0352,train,R2,,0
PSP_EXTRATLEITIMPL_200526_0352_20000000019302977732_000.jpg,PSP_EXTRATLEITIMPL_200526_0352,train,R3,,0
PSP_EXTRATLEITIMPL_200526_0352_20000000008102976845_000.jpg,PSP_EXTRATLEITIMPL_200526_0352,train,R4,,0
PSP_EXTRATLEITIMPL_200526_0352_20000000004253001242_000.jpg,PSP_EXTRATLEITIMPL_200526_0352,train,R5,,0
PSP_EXTRATLEITIMPL_030726_0121_20000000009302976979_000.jpg,PSP_EXTRATLEITIMPL_030726_0121,test,R1,R4,1
PSP_EXTRATLEITIMPL_200526_0352_20000000006302961987_000.jpg,PSP_EXTRATLEITIMPL_200526_0352,train,R2,,0
PSP_EXTRATLEITIMPL_220526_0408_20000000006502984797_000.jpg,PSP_EXTRATLEITIMPL_220526_0408,valid,R3,,0
PSP_EXTRATLEITIMPL_220526_0408_20000000001502983300_000.jpg,PSP_EXTRATLEITIMPL_220526_0408,valid,R4,,0
PSP_EXTRATLEITIMPL_210526_0335_20000000019102971868_000.jpg,PSP_EXTRATLEITIMPL_210526_0335,train,R5,,0
PSP_EXTRATLEITIMPL_200526_0352_20000000017052970960_000.jpg,PSP_EXTRATLEITIMPL_200526_0352,train,R1,,0
PSP_EXTRATLEITIMPL_030726_0121_20000000006002983975_000.jpg,PSP_EXTRATLEITIMPL_030726_0121,test,R2,,0
PSP_EXTRATLEITIMPL_210526_0335_20000000012602980355_000.jpg,PSP_EXTRATLEITIMPL_210526_0335,train,R3,,0
PSP_EXTRATLEITIMPL_210526_0335_20000000014102950836_000.jpg,PSP_EXTRATLEITIMPL_210526_0335,train,R4,,0
PSP_EXTRATLEITIMPL_030726_0121_20000000017303013602_000.jpg,PSP_EXTRATLEITIMPL_030726_0121,test,R5,,0
PSP_EXTRATLEITIMPL_030726_0121_20000000001102997145_000.jpg,PSP_EXTRATLEITIMPL_030726_0121,test,R1,,0
PSP_EXTRATLEITIMPL_220526_0408_20000000012552956939_000.jpg,PSP_EXTRATLEITIMPL_220526_0408,valid,R2,,0
PSP_EXTRATLEITIMPL_200526_0352_20000000013002946867_000.jpg,PSP_EXTRATLEITIMPL_200526_0352,train,R3,,0
PSP_EXTRATLEITIMPL_210526_0335_20000000012802966780_000.jpg,PSP_EXTRATLEITIMPL_210526_0335,train,R4,,0
PSP_EXTRATLEITIMPL_210526_0335_20000000014402963680_001.jpg,PSP_EXTRATLEITIMPL_210526_0335,train,R5,,0
PSP_EXTRATLEITIMPL_200526_0352_20000000011002975546_000.jpg,PSP_EXTRATLEITIMPL_200526_0352,train,R1,,0
PSP_EXTRATLEITIMPL_200526_0352_20000000001452986629_000.jpg,PSP_EXTRATLEITIMPL_200526_0352,train,R2,,0
PSP_EXTRATLEITIMPL_030726_0121_20000000002003023064_000.jpg,PSP_EXTRATLEITIMPL_030726_0121,test,R3,,0
PSP_EXTRATLEITIMPL_210526_0335_20000000002252988395_000.jpg,PSP_EXTRATLEITIMPL_210526_0335,train,R4,,0
PSP_EXTRATLEITIMPL_210526_0335_20000000016652993368_000.jpg,PSP_EXTRATLEITIMPL_210526_0335,train,R5,,0
PSP_EXTRATLEITIMPL_030726_0121_20000000006602998584_000.jpg,PSP_EXTRATLEITIMPL_030726_0121,test,R1,,0
PSP_EXTRATLEITIMPL_210526_0335_20000000018052963773_000.jpg,PSP_EXTRATLEITIMPL_210526_0335,train,R2,,0
PSP_EXTRATLEITIMPL_030726_0121_20000000009802992244_000.jpg,PSP_EXTRATLEITIMPL_030726_0121,test,R3,,0
PSP_EXTRATLEITIMPL_030726_0121_20000000005302999756_000.jpg,PSP_EXTRATLEITIMPL_030726_0121,test,R4,,0
PSP_EXTRATLEITIMPL_220526_0408_20000000015552970032_000.jpg,PSP_EXTRATLEITIMPL_220526_0408,valid,R5,,0
PSP_EXTRATLEITIMPL_030726_0121_20000000000852982572_000.jpg,PSP_EXTRATLEITIMPL_030726_0121,test,R1,,0
PSP_EXTRATLEITIMPL_210526_0335_20000000014052982251_000.jpg,PSP_EXTRATLEITIMPL_210526_0335,train,R2,,0
PSP_EXTRATLEITIMPL_210526_0335_20000000005052996538_000.jpg,PSP_EXTRATLEITIMPL_210526_0335,train,R3,,0
PSP_EXTRATLEITIMPL_200526_0352_20000000015152979549_000.jpg,PSP_EXTRATLEITIMPL_200526_0352,train,R4,,0
PSP_EXTRATLEITIMPL_200526_0352_20000000016452979562_000.jpg,PSP_EXTRATLEITIMPL_200526_0352,train,R5,,0
PSP_EXTRATLEITIMPL_220526_0408_20000000002453000011_000.jpg,PSP_EXTRATLEITIMPL_220526_0408,valid,R1,,0
PSP_EXTRATLEITIMPL_030726_0121_20000000001152999175_000.jpg,PSP_EXTRATLEITIMPL_030726_0121,test,R2,,0
PSP_EXTRATLEITIMPL_200526_0352_20000000017702989562_000.jpg,PSP_EXTRATLEITIMPL_200526_0352,train,R3,,0
PSP_EXTRATLEITIMPL_200526_0352_20000000011902960754_000.jpg,PSP_EXTRATLEITIMPL_200526_0352,train,R4,,0
PSP_EXTRATLEITIMPL_220526_0408_20000000007402979297_000.jpg,PSP_EXTRATLEITIMPL_220526_0408,valid,R5,,0
PSP_EXTRATLEITIMPL_200526_0352_20000000005552969778_000.jpg,PSP_EXTRATLEITIMPL_200526_0352,train,R1,,0
PSP_EXTRATLEITIMPL_030726_0121_20000000018402980998_000.jpg,PSP_EXTRATLEITIMPL_030726_0121,test,R2,,0
PSP_EXTRATLEITIMPL_220526_0408_20000000015252991063_000.jpg,PSP_EXTRATLEITIMPL_220526_0408,valid,R3,,0
PSP_EXTRATLEITIMPL_030726_0121_20000000002502999730_000.jpg,PSP_EXTRATLEITIMPL_030726_0121,test,R4,,0
PSP_EXTRATLEITIMPL_030726_0121_20000000012552978630_000.jpg,PSP_EXTRATLEITIMPL_030726_0121,test,R5,,0
PSP_EXTRATLEITIMPL_030726_0121_20000000017653012562_000.jpg,PSP_EXTRATLEITIMPL_030726_0121,test,R1,,0
PSP_EXTRATLEITIMPL_220526_0408_20000000006452988348_001.jpg,PSP_EXTRATLEITIMPL_220526_0408,valid,R2,,0
PSP_EXTRATLEITIMPL_030726_0121_20000000007452981992_000.jpg,PSP_EXTRATLEITIMPL_030726_0121,test,R3,,0
PSP_EXTRATLEITIMPL_200526_0352_20000000019202985232_000.jpg,PSP_EXTRATLEITIMPL_200526_0352,train,R4,,0
PSP_EXTRATLEITIMPL_210526_0335_20000000006752977667_000.jpg,PSP_EXTRATLEITIMPL_210526_0335,train,R5,,0
PSP_EXTRATLEITIMPL_220526_0408_20000000012452958779_000.jpg,PSP_EXTRATLEITIMPL_220526_0408,valid,R1,,0
PSP_EXTRATLEITIMPL_220526_0408_20000000005902984393_000.jpg,PSP_EXTRATLEITIMPL_220526_0408,valid,R2,,0
PSP_EXTRATLEITIMPL_220526_0408_20000000000802968543_000.jpg,PSP_EXTRATLEITIMPL_220526_0408,valid,R3,,0
PSP_EXTRATLEITIMPL_210526_0335_20000000014752970335_000.jpg,PSP_EXTRATLEITIMPL_210526_0335,train,R4,,0
PSP_EXTRATLEITIMPL_030726_0121_20000000002603018078_000.jpg,PSP_EXTRATLEITIMPL_030726_0121,test,R5,,0
PSP_EXTRATLEITIMPL_030726_0121_20000000017102989879_000.jpg,PSP_EXTRATLEITIMPL_030726_0121,test,R1,,0
PSP_EXTRATLEITIMPL_220526_0408_20000000013602979006_000.jpg,PSP_EXTRATLEITIMPL_220526_0408,valid,R2,,0
PSP_EXTRATLEITIMPL_200526_0352_20000000003952977231_000.jpg,PSP_EXTRATLEITIMPL_200526_0352,train,R3,,0
PSP_EXTRATLEITIMPL_220526_0408_20000000017252992434_000.jpg,PSP_EXTRATLEITIMPL_220526_0408,valid,R4,,0
PSP_EXTRATLEITIMPL_210526_0335_20000000013602974334_000.jpg,PSP_EXTRATLEITIMPL_210526_0335,train,R5,,0
PSP_EXTRATLEITIMPL_200526_0352_20000000001152969589_000.jpg,PSP_EXTRATLEITIMPL_200526_0352,train,R1,,0
PSP_EXTRATLEITIMPL_220526_0408_20000000000552951963_000.jpg,PSP_EXTRATLEITIMPL_220526_0408,valid,R2,,0
PSP_EXTRATLEITIMPL_210526_0335_20000000019102988175_000.jpg,PSP_EXTRATLEITIMPL_210526_0335,train,R3,,0
PSP_EXTRATLEITIMPL_220526_0408_20000000001452972916_000.jpg,PSP_EXTRATLEITIMPL_220526_0408,valid,R4,,0
PSP_EXTRATLEITIMPL_210526_0335_20000000008402970143_001.jpg,PSP_EXTRATLEITIMPL_210526_0335,train,R5,,0
PSP_EXTRATLEITIMPL_210526_0335_20000000016252959945_000.jpg,PSP_EXTRATLEITIMPL_210526_0335,train,R1,,0
PSP_EXTRATLEITIMPL_030726_0121_20000000007803007290_000.jpg,PSP_EXTRATLEITIMPL_030726_0121,test,R2,,0
PSP_EXTRATLEITIMPL_200526_0352_20000000017652983749_000.jpg,PSP_EXTRATLEITIMPL_200526_0352,train,R3,,0
PSP_EXTRATLEITIMPL_220526_0408_20000000010652945980_000.jpg,PSP_EXTRATLEITIMPL_220526_0408,valid,R4,,0
PSP_EXTRATLEITIMPL_210526_0335_20000000019152972879_000.jpg,PSP_EXTRATLEITIMPL_210526_0335,train,R5,,0
PSP_EXTRATLEITIMPL_200526_0352_20000000002352983258_000.jpg,PSP_EXTRATLEITIMPL_200526_0352,train,R1,,0
PSP_EXTRATLEITIMPL_030726_0121_20000000003702995622_000.jpg,PSP_EXTRATLEITIMPL_030726_0121,test,R2,,0
PSP_EXTRATLEITIMPL_200526_0352_20000000000702963330_000.jpg,PSP_EXTRATLEITIMPL_200526_0352,train,R3,,0
PSP_EXTRATLEITIMPL_030726_0121_20000000009652984663_000.jpg,PSP_EXTRATLEITIMPL_030726_0121,test,R4,,0
PSP_EXTRATLEITIMPL_220526_0408_20000000006152979662_000.jpg,PSP_EXTRATLEITIMPL_220526_0408,valid,R5,,0
PSP_EXTRATLEITIMPL_030726_0121_20000000009702995137_000.jpg,PSP_EXTRATLEITIMPL_030726_0121,test,R1,,0
PSP_EXTRATLEITIMPL_210526_0335_20000000000502950910_000.jpg,PSP_EXTRATLEITIMPL_210526_0335,train,R2,,0
PSP_EXTRATLEITIMPL_200526_0352_20000000005852972753_000.jpg,PSP_EXTRATLEITIMPL_200526_0352,train,R3,,0
PSP_EXTRATLEITIMPL_200526_0352_20000000006252964967_000.jpg,PSP_EXTRATLEITIMPL_200526_0352,train,R4,,0
PSP_EXTRATLEITIMPL_210526_0335_20000000015102979406_001.jpg,PSP_EXTRATLEITIMPL_210526_0335,train,R5,,0
PSP_EXTRATLEITIMPL_030726_0121_20000000019203006406_000.jpg,PSP_EXTRATLEITIMPL_030726_0121,test,R1,,0
PSP_EXTRATLEITIMPL_210526_0335_00000000000211751999_000.jpg,PSP_EXTRATLEITIMPL_210526_0335,train,R2,,0
PSP_EXTRATLEITIMPL_200526_0352_20000000004302969918_000.jpg,PSP_EXTRATLEITIMPL_200526_0352,train,R3,,0
PSP_EXTRATLEITIMPL_220526_0408_20000000014502970627_000.jpg,PSP_EXTRATLEITIMPL_220526_0408,valid,R4,,0
PSP_EXTRATLEITIMPL_200526_0352_20000000009702951882_000.jpg,PSP_EXTRATLEITIMPL_200526_0352,train,R5,,0
PSP_EXTRATLEITIMPL_200526_0352_20000000005302990536_000.jpg,PSP_EXTRATLEITIMPL_200526_0352,train,R1,,0
PSP_EXTRATLEITIMPL_030726_0121_20000000002303017005_000.jpg,PSP_EXTRATLEITIMPL_030726_0121,test,R2,,0
PSP_EXTRATLEITIMPL_030726_0121_20000000000102999091_000.jpg,PSP_EXTRATLEITIMPL_030726_0121,test,R3,,0
PSP_EXTRATLEITIMPL_200526_0352_20000000005352981716_000.jpg,PSP_EXTRATLEITIMPL_200526_0352,train,R4,,0
PSP_EXTRATLEITIMPL_030726_0121_20000000007502997512_000.jpg,PSP_EXTRATLEITIMPL_030726_0121,test,R5,,0
PSP_EXTRATLEITIMPL_210526_0335_20000000002952982572_000.jpg,PSP_EXTRATLEITIMPL_210526_0335,train,R1,,0
PSP_EXTRATLEITIMPL_220526_0408_20000000013552977061_000.jpg,PSP_EXTRATLEITIMPL_220526_0408,valid,R2,,0
PSP_EXTRATLEITIMPL_210526_0335_20000000005902962963_000.jpg,PSP_EXTRATLEITIMPL_210526_0335,train,R3,,0
PSP_EXTRATLEITIMPL_030726_0121_20000000014852973813_000.jpg,PSP_EXTRATLEITIMPL_030726_0121,test,R4,,0
PSP_EXTRATLEITIMPL_210526_0335_20000000004552994032_000.jpg,PSP_EXTRATLEITIMPL_210526_0335,train,R5,,0
PSP_EXTRATLEITIMPL_030726_0121_20000000004103006153_000.jpg,PSP_EXTRATLEITIMPL_030726_0121,test,R1,,0
PSP_EXTRATLEITIMPL_030726_0121_20000000016352985650_000.jpg,PSP_EXTRATLEITIMPL_030726_0121,test,R2,,0
PSP_EXTRATLEITIMPL_030726_0121_20000000005853004332_000.jpg,PSP_EXTRATLEITIMPL_030726_0121,test,R3,,0
PSP_EXTRATLEITIMPL_220526_0408_20000000014152954954_000.jpg,PSP_EXTRATLEITIMPL_220526_0408,valid,R4,,0
PSP_EXTRATLEITIMPL_200526_0352_20000000016252965729_000.jpg,PSP_EXTRATLEITIMPL_200526_0352,train,R5,,0
PSP_EXTRATLEITIMPL_220526_0408_20000000012002957932_000.jpg,PSP_EXTRATLEITIMPL_220526_0408,valid,R1,,0
PSP_EXTRATLEITIMPL_220526_0408_20000000002852975652_000.jpg,PSP_EXTRATLEITIMPL_220526_0408,valid,R2,,0
PSP_EXTRATLEITIMPL_200526_0352_20000000008052973353_000.jpg,PSP_EXTRATLEITIMPL_200526_0352,train,R3,,0
PSP_EXTRATLEITIMPL_220526_0408_20000000017752972985_000.jpg,PSP_EXTRATLEITIMPL_220526_0408,valid,R4,,0
PSP_EXTRATLEITIMPL_210526_0335_20000000014152946982_000.jpg,PSP_EXTRATLEITIMPL_210526_0335,train,R5,,0
PSP_EXTRATLEITIMPL_210526_0335_20000000007402980210_000.jpg,PSP_EXTRATLEITIMPL_210526_0335,train,R1,,0
PSP_EXTRATLEITIMPL_210526_0335_20000000018302983307_000.jpg,PSP_EXTRATLEITIMPL_210526_0335,train,R2,,0
PSP_EXTRATLEITIMPL_220526_0408_20000000012352949964_000.jpg,PSP_EXTRATLEITIMPL_220526_0408,valid,R3,,0
PSP_EXTRATLEITIMPL_030726_0121_20000000017452995762_000.jpg,PSP_EXTRATLEITIMPL_030726_0121,test,R4,,0
PSP_EXTRATLEITIMPL_030726_0121_20000000016102974549_000.jpg,PSP_EXTRATLEITIMPL_030726_0121,test,R5,,0
PSP_EXTRATLEITIMPL_030726_0121_20000000006253015111_000.jpg,PSP_EXTRATLEITIMPL_030726_0121,test,R1,,0
PSP_EXTRATLEITIMPL_200526_0352_20000000006802989120_000.jpg,PSP_EXTRATLEITIMPL_200526_0352,train,R2,,0
PSP_EXTRATLEITIMPL_210526_0335_20000000004152991239_000.jpg,PSP_EXTRATLEITIMPL_210526_0335,train,R3,,0
PSP_EXTRATLEITIMPL_030726_0121_20000000019553020261_000.jpg,PSP_EXTRATLEITIMPL_030726_0121,test,R4,,0
PSP_EXTRATLEITIMPL_030726_0121_20000000000902978999_000.jpg,PSP_EXTRATLEITIMPL_030726_0121,test,R5,,0
PSP_EXTRATLEITIMPL_030726_0121_20000000001803004862_000.jpg,PSP_EXTRATLEITIMPL_030726_0121,test,R1,,0
PSP_EXTRATLEITIMPL_200526_0352_20000000014552962812_000.jpg,PSP_EXTRATLEITIMPL_200526_0352,train,R2,,0
PSP_EXTRATLEITIMPL_210526_0335_20000000018952984385_000.jpg,PSP_EXTRATLEITIMPL_210526_0335,train,R3,,0
PSP_EXTRATLEITIMPL_210526_0335_20000000001452993282_000.jpg,PSP_EXTRATLEITIMPL_210526_0335,train,R4,,0
PSP_EXTRATLEITIMPL_210526_0335_20000000019852971845_000.jpg,PSP_EXTRATLEITIMPL_210526_0335,train,R5,,0
PSP_EXTRATLEITIMPL_210526_0335_20000000013402989392_000.jpg,PSP_EXTRATLEITIMPL_210526_0335,train,R1,,0
PSP_EXTRATLEITIMPL_220526_0408_20000000003502996276_000.jpg,PSP_EXTRATLEITIMPL_220526_0408,valid,R2,,0
PSP_EXTRATLEITIMPL_200526_0352_20000000004502977610_000.jpg,PSP_EXTRATLEITIMPL_200526_0352,train,R3,,0
PSP_EXTRATLEITIMPL_220526_0408_20000000002502993261_000.jpg,PSP_EXTRATLEITIMPL_220526_0408,valid,R4,,0
PSP_EXTRATLEITIMPL_030726_0121_20000000003352988594_000.jpg,PSP_EXTRATLEITIMPL_030726_0121,test,R5,,0
PSP_EXTRATLEITIMPL_210526_0335_20000000007052966986_000.jpg,PSP_EXTRATLEITIMPL_210526_0335,train,R1,,0
PSP_EXTRATLEITIMPL_220526_0408_20000000017202963992_000.jpg,PSP_EXTRATLEITIMPL_220526_0408,valid,R2,,0
PSP_EXTRATLEITIMPL_030726_0121_20000000002102987864_000.jpg,PSP_EXTRATLEITIMPL_030726_0121,test,R3,,0
PSP_EXTRATLEITIMPL_030726_0121_20000000005752988569_000.jpg,PSP_EXTRATLEITIMPL_030726_0121,test,R4,,0
PSP_EXTRATLEITIMPL_210526_0335_20000000019402991024_000.jpg,PSP_EXTRATLEITIMPL_210526_0335,train,R5,,0
PSP_EXTRATLEITIMPL_210526_0335_20000000016052977524_000.jpg,PSP_EXTRATLEITIMPL_210526_0335,train,R1,,0
PSP_EXTRATLEITIMPL_030726_0121_20000000011352978507_000.jpg,PSP_EXTRATLEITIMPL_030726_0121,test,R2,,0
PSP_EXTRATLEITIMPL_220526_0408_20000000010802966623_000.jpg,PSP_EXTRATLEITIMPL_220526_0408,valid,R3,,0
PSP_EXTRATLEITIMPL_210526_0335_20000000005652961948_000.jpg,PSP_EXTRATLEITIMPL_210526_0335,train,R4,,0
PSP_EXTRATLEITIMPL_220526_0408_20000000015152958894_000.jpg,PSP_EXTRATLEITIMPL_220526_0408,valid,R5,,0
PSP_EXTRATLEITIMPL_030726_0121_20000000014852970994_000.jpg,PSP_EXTRATLEITIMPL_030726_0121,test,R1,,0
PSP_EXTRATLEITIMPL_210526_0335_20000000004302981626_000.jpg,PSP_EXTRATLEITIMPL_210526_0335,train,R2,,0
PSP_EXTRATLEITIMPL_220526_0408_20000000008852973662_000.jpg,PSP_EXTRATLEITIMPL_220526_0408,valid,R3,,0
PSP_EXTRATLEITIMPL_200526_0352_20000000002952969937_000.jpg,PSP_EXTRATLEITIMPL_200526_0352,train,R4,,0
PSP_EXTRATLEITIMPL_210526_0335_20000000012252966773_000.jpg,PSP_EXTRATLEITIMPL_210526_0335,train,R5,,0
PSP_EXTRATLEITIMPL_220526_0408_20000000012102961950_000.jpg,PSP_EXTRATLEITIMPL_220526_0408,valid,R1,,0
PSP_EXTRATLEITIMPL_220526_0408_20000000010702984398_000.jpg,PSP_EXTRATLEITIMPL_220526_0408,valid,R2,,0
PSP_EXTRATLEITIMPL_210526_0335_20000000008102985533_000.jpg,PSP_EXTRATLEITIMPL_210526_0335,train,R3,,0
PSP_EXTRATLEITIMPL_220526_0408_20000000003352973286_000.jpg,PSP_EXTRATLEITIMPL_220526_0408,valid,R4,,0
PSP_EXTRATLEITIMPL_210526_0335_20000000000252989406_000.jpg,PSP_EXTRATLEITIMPL_210526_0335,train,R5,,0
PSP_EXTRATLEITIMPL_200526_0352_20000000009102959844_000.jpg,PSP_EXTRATLEITIMPL_200526_0352,train,R1,,0
PSP_EXTRATLEITIMPL_210526_0335_20000000008252947956_000.jpg,PSP_EXTRATLEITIMPL_210526_0335,train,R2,,0
PSP_EXTRATLEITIMPL_200526_0352_20000000019502974595_000.jpg,PSP_EXTRATLEITIMPL_200526_0352,train,R3,,0
PSP_EXTRATLEITIMPL_210526_0335_20000000007402968812_000.jpg,PSP_EXTRATLEITIMPL_210526_0335,train,R4,,0
PSP_EXTRATLEITIMPL_200526_0352_20000000018602987534_000.jpg,PSP_EXTRATLEITIMPL_200526_0352,train,R5,,0
PSP_EXTRATLEITIMPL_030726_0121_20000000009052975712_000.jpg,PSP_EXTRATLEITIMPL_030726_0121,test,R1,,0
PSP_EXTRATLEITIMPL_030726_0121_20000000012352981472_000.jpg,PSP_EXTRATLEITIMPL_030726_0121,test,R2,,0
PSP_EXTRATLEITIMPL_200526_0352_20000000006852990606_000.jpg,PSP_EXTRATLEITIMPL_200526_0352,train,R3,,0
PSP_EXTRATLEITIMPL_030726_0121_20000000005103024361_000.jpg,PSP_EXTRATLEITIMPL_030726_0121,test,R4,,0
PSP_EXTRATLEITIMPL_030726_0121_20000000006253015110_000.jpg,PSP_EXTRATLEITIMPL_030726_0121,test,R5,,0
PSP_EXTRATLEITIMPL_200526_0352_20000000018902963988_000.jpg,PSP_EXTRATLEITIMPL_200526_0352,train,R1,,0
PSP_EXTRATLEITIMPL_220526_0408_20000000011252967476_000.jpg,PSP_EXTRATLEITIMPL_220526_0408,valid,R2,,0
PSP_EXTRATLEITIMPL_220526_0408_20000000015552971008_000.jpg,PSP_EXTRATLEITIMPL_220526_0408,valid,R3,,0
PSP_EXTRATLEITIMPL_200526_0352_20000000015202985029_000.jpg,PSP_EXTRATLEITIMPL_200526_0352,train,R4,,0
PSP_EXTRATLEITIMPL_030726_0121_20000000010202995515_000.jpg,PSP_EXTRATLEITIMPL_030726_0121,test,R5,,0
PSP_EXTRATLEITIMPL_200526_0352_20000000012852974400_000.jpg,PSP_EXTRATLEITIMPL_200526_0352,train,R1,,0
PSP_EXTRATLEITIMPL_220526_0408_20000000001552982563_000.jpg,PSP_EXTRATLEITIMPL_220526_0408,valid,R2,,0
PSP_EXTRATLEITIMPL_220526_0408_20000000017403001075_000.jpg,PSP_EXTRATLEITIMPL_220526_0408,valid,R3,,0
PSP_EXTRATLEITIMPL_220526_0408_20000000008652988244_000.jpg,PSP_EXTRATLEITIMPL_220526_0408,valid,R4,,0
PSP_EXTRATLEITIMPL_210526_0335_20000000003052977803_000.jpg,PSP_EXTRATLEITIMPL_210526_0335,train,R5,,0
PSP_EXTRATLEITIMPL_220526_0408_20000000001652992078_000.jpg,PSP_EXTRATLEITIMPL_220526_0408,valid,R1,,0
PSP_EXTRATLEITIMPL_030726_0121_20000000000702981527_000.jpg,PSP_EXTRATLEITIMPL_030726_0121,test,R2,,0
PSP_EXTRATLEITIMPL_030726_0121_20000000013702990568_000.jpg,PSP_EXTRATLEITIMPL_030726_0121,test,R3,,0
PSP_EXTRATLEITIMPL_210526_0335_20000000013102963903_000.jpg,PSP_EXTRATLEITIMPL_210526_0335,train,R4,,0
PSP_EXTRATLEITIMPL_220526_0408_20000000000102966615_000.jpg,PSP_EXTRATLEITIMPL_220526_0408,valid,R5,,0
PSP_EXTRATLEITIMPL_200526_0352_20000000010152960762_000.jpg,PSP_EXTRATLEITIMPL_200526_0352,train,R1,,0
PSP_EXTRATLEITIMPL_200526_0352_20000000009402966366_000.jpg,PSP_EXTRATLEITIMPL_200526_0352,train,R2,,0
PSP_EXTRATLEITIMPL_210526_0335_20000000009152971788_000.jpg,PSP_EXTRATLEITIMPL_210526_0335,train,R3,,0
PSP_EXTRATLEITIMPL_220526_0408_20000000018852967905_000.jpg,PSP_EXTRATLEITIMPL_220526_0408,valid,R4,,0
PSP_EXTRATLEITIMPL_030726_0121_20000000004253007680_000.jpg,PSP_EXTRATLEITIMPL_030726_0121,test,R5,,0
PSP_EXTRATLEITIMPL_200526_0352_20000000019802982855_000.jpg,PSP_EXTRATLEITIMPL_200526_0352,train,R1,,0
PSP_EXTRATLEITIMPL_030726_0121_20000000006103013112_000.jpg,PSP_EXTRATLEITIMPL_030726_0121,test,R2,,0
PSP_EXTRATLEITIMPL_220526_0408_20000000014202967309_000.jpg,PSP_EXTRATLEITIMPL_220526_0408,valid,R3,,0
PSP_EXTRATLEITIMPL_220526_0408_20000000017303000262_000.jpg,PSP_EXTRATLEITIMPL_220526_0408,valid,R4,,0
PSP_EXTRATLEITIMPL_210526_0335_20000000005552983025_000.jpg,PSP_EXTRATLEITIMPL_210526_0335,train,R5,,0
PSP_EXTRATLEITIMPL_210526_0335_20000000000052966859_000.jpg,PSP_EXTRATLEITIMPL_210526_0335,train,R1,,0
PSP_EXTRATLEITIMPL_030726_0121_20000000014602998557_000.jpg,PSP_EXTRATLEITIMPL_030726_0121,test,R2,,0
PSP_EXTRATLEITIMPL_030726_0121_20000000018003001767_000.jpg,PSP_EXTRATLEITIMPL_030726_0121,test,R3,,0
PSP_EXTRATLEITIMPL_220526_0408_20000000014602986335_000.jpg,PSP_EXTRATLEITIMPL_220526_0408,valid,R4,,0
PSP_EXTRATLEITIMPL_220526_0408_20000000004752995593_000.jpg,PSP_EXTRATLEITIMPL_220526_0408,valid,R5,,0
PSP_EXTRATLEITIMPL_200526_0352_20000000009252965667_000.jpg,PSP_EXTRATLEITIMPL_200526_0352,train,R1,,0
PSP_EXTRATLEITIMPL_200526_0352_20000000004202984744_000.jpg,PSP_EXTRATLEITIMPL_200526_0352,train,R2,,0
PSP_EXTRATLEITIMPL_200526_0352_20000000009852988090_000.jpg,PSP_EXTRATLEITIMPL_200526_0352,train,R3,,0
PSP_EXTRATLEITIMPL_210526_0335_20000000011752969551_000.jpg,PSP_EXTRATLEITIMPL_210526_0335,train,R4,,0
PSP_EXTRATLEITIMPL_200526_0352_20000000010302969800_000.jpg,PSP_EXTRATLEITIMPL_200526_0352,train,R5,,0
PSP_EXTRATLEITIMPL_220526_0408_20000000006302986412_002.jpg,PSP_EXTRATLEITIMPL_220526_0408,valid,R1,,0
PSP_EXTRATLEITIMPL_030726_0121_20000000000752988377_000.jpg,PSP_EXTRATLEITIMPL_030726_0121,test,R2,,0
PSP_EXTRATLEITIMPL_200526_0352_20000000013952971250_000.jpg,PSP_EXTRATLEITIMPL_200526_0352,train,R3,,0
PSP_EXTRATLEITIMPL_030726_0121_20000000015752994174_000.jpg,PSP_EXTRATLEITIMPL_030726_0121,test,R4,,0
PSP_EXTRATLEITIMPL_210526_0335_20000000014202971018_000.jpg,PSP_EXTRATLEITIMPL_210526_0335,train,R5,,0
PSP_EXTRATLEITIMPL_200526_0352_20000000003702976749_000.jpg,PSP_EXTRATLEITIMPL_200526_0352,train,R1,,0
PSP_EXTRATLEITIMPL_030726_0121_20000000019003006130_000.jpg,PSP_EXTRATLEITIMPL_030726_0121,test,R2,,0
PSP_EXTRATLEITIMPL_030726_0121_20000000011452973951_000.jpg,PSP_EXTRATLEITIMPL_030726_0121,test,R3,,0
PSP_EXTRATLEITIMPL_200526_0352_20000000016602977954_000.jpg,PSP_EXTRATLEITIMPL_200526_0352,train,R4,,0
PSP_EXTRATLEITIMPL_030726_0121_20000000002753016161_001.jpg,PSP_EXTRATLEITIMPL_030726_0121,test,R5,,0
PSP_EXTRATLEITIMPL_220526_0408_20000000019252974761_001.jpg,PSP_EXTRATLEITIMPL_220526_0408,valid,R1,,0
PSP_EXTRATLEITIMPL_220526_0408_20000000011502972709_000.jpg,PSP_EXTRATLEITIMPL_220526_0408,valid,R2,,0
PSP_EXTRATLEITIMPL_200526_0352_20000000006802987241_000.jpg,PSP_EXTRATLEITIMPL_200526_0352,train,R3,,0
PSP_EXTRATLEITIMPL_220526_0408_20000000005452971714_000.jpg,PSP_EXTRATLEITIMPL_220526_0408,valid,R4,,0
PSP_EXTRATLEITIMPL_220526_0408_20000000001852980700_000.jpg,PSP_EXTRATLEITIMPL_220526_0408,valid,R5,,0
PSP_EXTRATLEITIMPL_220526_0408_20000000002552962981_000.jpg,PSP_EXTRATLEITIMPL_220526_0408,valid,R1,,0
PSP_EXTRATLEITIMPL_220526_0408_20000000010952951906_000.jpg,PSP_EXTRATLEITIMPL_220526_0408,valid,R2,,0
PSP_EXTRATLEITIMPL_210526_0335_20000000018102980724_000.jpg,PSP_EXTRATLEITIMPL_210526_0335,train,R3,,0
PSP_EXTRATLEITIMPL_030726_0121_20000000007503008003_000.jpg,PSP_EXTRATLEITIMPL_030726_0121,test,R4,,0
PSP_EXTRATLEITIMPL_030726_0121_20000000012252979829_000.jpg,PSP_EXTRATLEITIMPL_030726_0121,test,R5,,0
PSP_EXTRATLEITIMPL_200526_0352_20000000014702960840_000.jpg,PSP_EXTRATLEITIMPL_200526_0352,train,R1,,0
PSP_EXTRATLEITIMPL_210526_0335_20000000016002946967_000.jpg,PSP_EXTRATLEITIMPL_210526_0335,train,R2,,0
PSP_EXTRATLEITIMPL_200526_0352_20000000014452970261_000.jpg,PSP_EXTRATLEITIMPL_200526_0352,train,R3,,0
PSP_EXTRATLEITIMPL_200526_0352_20000000017452976740_000.jpg,PSP_EXTRATLEITIMPL_200526_0352,train,R4,,0
PSP_EXTRATLEITIMPL_220526_0408_20000000001752984440_000.jpg,PSP_EXTRATLEITIMPL_220526_0408,valid,R5,,0
PSP_EXTRATLEITIMPL_210526_0335_20000000011452967554_000.jpg,PSP_EXTRATLEITIMPL_210526_0335,train,R1,,0
PSP_EXTRATLEITIMPL_200526_0352_20000000010802965597_000.jpg,PSP_EXTRATLEITIMPL_200526_0352,train,R2,,0
PSP_EXTRATLEITIMPL_220526_0408_20000000003152970950_000.jpg,PSP_EXTRATLEITIMPL_220526_0408,valid,R3,,0
PSP_EXTRATLEITIMPL_200526_0352_20000000003602976768_000.jpg,PSP_EXTRATLEITIMPL_200526_0352,train,R4,,0
PSP_EXTRATLEITIMPL_210526_0335_20000000006752988045_000.jpg,PSP_EXTRATLEITIMPL_210526_0335,train,R5,,0
PSP_EXTRATLEITIMPL_030726_0121_20000000003002994797_000.jpg,PSP_EXTRATLEITIMPL_030726_0121,test,R1,,0
PSP_EXTRATLEITIMPL_210526_0335_20000000003002970876_000.jpg,PSP_EXTRATLEITIMPL_210526_0335,train,R2,,0
PSP_EXTRATLEITIMPL_200526_0352_20000000001803005060_000.jpg,PSP_EXTRATLEITIMPL_200526_0352,train,R3,,0
PSP_EXTRATLEITIMPL_030726_0121_20000000016053006241_000.jpg,PSP_EXTRATLEITIMPL_030726_0121,test,R4,,0
PSP_EXTRATLEITIMPL_210526_0335_20000000001802982922_000.jpg,PSP_EXTRATLEITIMPL_210526_0335,train,R5,,0
PSP_EXTRATLEITIMPL_200526_0352_20000000001652979636_000.jpg,PSP_EXTRATLEITIMPL_200526_0352,train,R1,,0
PSP_EXTRATLEITIMPL_220526_0408_20000000016703009051_000.jpg,PSP_EXTRATLEITIMPL_220526_0408,valid,R2,,0
PSP_EXTRATLEITIMPL_220526_0408_20000000005852979594_000.jpg,PSP_EXTRATLEITIMPL_220526_0408,valid,R3,,0
PSP_EXTRATLEITIMPL_210526_0335_20000000003452954981_000.jpg,PSP_EXTRATLEITIMPL_210526_0335,train,R4,,0
PSP_EXTRATLEITIMPL_200526_0352_20000000015802956497_000.jpg,PSP_EXTRATLEITIMPL_200526_0352,train,R5,,0
PSP_EXTRATLEITIMPL_200526_0352_20000000006752984243_000.jpg,PSP_EXTRATLEITIMPL_200526_0352,train,R1,,0
PSP_EXTRATLEITIMPL_030726_0121_20000000016402988512_000.jpg,PSP_EXTRATLEITIMPL_030726_0121,test,R2,,0
PSP_EXTRATLEITIMPL_030726_0121_20000000002753016163_000.jpg,PSP_EXTRATLEITIMPL_030726_0121,test,R3,,0
PSP_EXTRATLEITIMPL_220526_0408_20000000019402983507_000.jpg,PSP_EXTRATLEITIMPL_220526_0408,valid,R4,,0
PSP_EXTRATLEITIMPL_030726_0121_20000000019152985983_000.jpg,PSP_EXTRATLEITIMPL_030726_0121,test,R5,,0
